<font xmlns="http://www.w3.org/1999/xhtml" name="Consolas" size="32" bold="false" italic="false" width="512" height="256">
  <character text=" " x="380" y="139" width="3" height="3" origin-x="1" origin-y="1" advance="18"/>
  <character text="!" x="96" y="43" width="16" height="33" origin-x="-1" origin-y="27" advance="18"/>
  <character text="&quot;" x="225" y="139" width="22" height="18" origin-x="2" origin-y="27" advance="18"/>
  <character text="#" x="139" y="76" width="28" height="31" origin-x="5" origin-y="26" advance="18"/>
  <character text="$" x="198" y="0" width="26" height="38" origin-x="4" origin-y="29" advance="18"/>
  <character text="%" x="304" y="0" width="29" height="34" origin-x="6" origin-y="28" advance="18"/>
  <character text="&amp;" x="333" y="0" width="29" height="33" origin-x="5" origin-y="27" advance="18"/>
  <character text="'" x="247" y="139" width="16" height="18" origin-x="-1" origin-y="27" advance="18"/>
  <character text="(" x="15" y="0" width="21" height="41" origin-x="1" origin-y="29" advance="18"/>
  <character text=")" x="36" y="0" width="21" height="41" origin-x="2" origin-y="29" advance="18"/>
  <character text="*" x="129" y="139" width="25" height="24" origin-x="4" origin-y="27" advance="18"/>
  <character text="+" x="102" y="139" width="27" height="25" origin-x="5" origin-y="21" advance="18"/>
  <character text="," x="180" y="139" width="19" height="21" origin-x="2" origin-y="10" advance="18"/>
  <character text="-" x="358" y="139" width="22" height="13" origin-x="2" origin-y="15" advance="18"/>
  <character text="." x="291" y="139" width="17" height="16" origin-x="0" origin-y="10" advance="18"/>
  <character text="/" x="279" y="0" width="25" height="36" origin-x="4" origin-y="27" advance="18"/>
  <character text="0" x="140" y="43" width="27" height="32" origin-x="5" origin-y="26" advance="18"/>
  <character text="1" x="332" y="76" width="26" height="31" origin-x="4" origin-y="26" advance="18"/>
  <character text="2" x="358" y="76" width="26" height="31" origin-x="4" origin-y="26" advance="18"/>
  <character text="3" x="377" y="43" width="25" height="32" origin-x="4" origin-y="26" advance="18"/>
  <character text="4" x="167" y="76" width="28" height="31" origin-x="5" origin-y="26" advance="18"/>
  <character text="5" x="427" y="43" width="24" height="32" origin-x="3" origin-y="26" advance="18"/>
  <character text="6" x="221" y="43" width="26" height="32" origin-x="4" origin-y="26" advance="18"/>
  <character text="7" x="384" y="76" width="26" height="31" origin-x="4" origin-y="26" advance="18"/>
  <character text="8" x="247" y="43" width="26" height="32" origin-x="4" origin-y="26" advance="18"/>
  <character text="9" x="251" y="76" width="27" height="31" origin-x="5" origin-y="26" advance="18"/>
  <character text=":" x="402" y="108" width="17" height="27" origin-x="0" origin-y="21" advance="18"/>
  <character text=";" x="0" y="76" width="20" height="32" origin-x="2" origin-y="21" advance="18"/>
  <character text="&lt;" x="226" y="108" width="24" height="29" origin-x="4" origin-y="23" advance="18"/>
  <character text="=" x="199" y="139" width="26" height="19" origin-x="4" origin-y="18" advance="18"/>
  <character text="&gt;" x="201" y="108" width="25" height="29" origin-x="3" origin-y="23" advance="18"/>
  <character text="?" x="74" y="43" width="22" height="33" origin-x="1" origin-y="27" advance="18"/>
  <character text="@" x="57" y="0" width="29" height="40" origin-x="6" origin-y="28" advance="18"/>
  <character text="A" x="20" y="76" width="30" height="31" origin-x="6" origin-y="26" advance="18"/>
  <character text="B" x="410" y="76" width="26" height="31" origin-x="4" origin-y="26" advance="18"/>
  <character text="C" x="167" y="43" width="27" height="32" origin-x="5" origin-y="26" advance="18"/>
  <character text="D" x="278" y="76" width="27" height="31" origin-x="4" origin-y="26" advance="18"/>
  <character text="E" x="129" y="108" width="24" height="31" origin-x="3" origin-y="26" advance="18"/>
  <character text="F" x="153" y="108" width="24" height="31" origin-x="3" origin-y="26" advance="18"/>
  <character text="G" x="194" y="43" width="27" height="32" origin-x="5" origin-y="26" advance="18"/>
  <character text="H" x="436" y="76" width="26" height="31" origin-x="4" origin-y="26" advance="18"/>
  <character text="I" x="177" y="108" width="24" height="31" origin-x="3" origin-y="26" advance="18"/>
  <character text="J" x="475" y="43" width="23" height="32" origin-x="3" origin-y="26" advance="18"/>
  <character text="K" x="462" y="76" width="26" height="31" origin-x="4" origin-y="26" advance="18"/>
  <character text="L" x="104" y="108" width="25" height="31" origin-x="3" origin-y="26" advance="18"/>
  <character text="M" x="195" y="76" width="28" height="31" origin-x="5" origin-y="26" advance="18"/>
  <character text="N" x="0" y="108" width="26" height="31" origin-x="4" origin-y="26" advance="18"/>
  <character text="O" x="112" y="43" width="28" height="32" origin-x="5" origin-y="26" advance="18"/>
  <character text="P" x="26" y="108" width="26" height="31" origin-x="4" origin-y="26" advance="18"/>
  <character text="Q" x="224" y="0" width="29" height="37" origin-x="5" origin-y="26" advance="18"/>
  <character text="R" x="52" y="108" width="26" height="31" origin-x="3" origin-y="26" advance="18"/>
  <character text="S" x="273" y="43" width="26" height="32" origin-x="4" origin-y="26" advance="18"/>
  <character text="T" x="305" y="76" width="27" height="31" origin-x="5" origin-y="26" advance="18"/>
  <character text="U" x="299" y="43" width="26" height="32" origin-x="4" origin-y="26" advance="18"/>
  <character text="V" x="50" y="76" width="30" height="31" origin-x="6" origin-y="26" advance="18"/>
  <character text="W" x="223" y="76" width="28" height="31" origin-x="5" origin-y="26" advance="18"/>
  <character text="X" x="110" y="76" width="29" height="31" origin-x="6" origin-y="26" advance="18"/>
  <character text="Y" x="80" y="76" width="30" height="31" origin-x="6" origin-y="26" advance="18"/>
  <character text="Z" x="78" y="108" width="26" height="31" origin-x="4" origin-y="26" advance="18"/>
  <character text="[" x="158" y="0" width="20" height="40" origin-x="1" origin-y="28" advance="18"/>
  <character text="\" x="253" y="0" width="26" height="36" origin-x="4" origin-y="27" advance="18"/>
  <character text="]" x="178" y="0" width="20" height="40" origin-x="2" origin-y="28" advance="18"/>
  <character text="^" x="154" y="139" width="26" height="21" origin-x="4" origin-y="26" advance="18"/>
  <character text="_" x="328" y="139" width="30" height="13" origin-x="6" origin-y="1" advance="18"/>
  <character text="`" x="308" y="139" width="20" height="14" origin-x="3" origin-y="27" advance="18"/>
  <character text="a" x="303" y="108" width="25" height="27" origin-x="4" origin-y="21" advance="18"/>
  <character text="b" x="445" y="0" width="26" height="33" origin-x="4" origin-y="27" advance="18"/>
  <character text="c" x="328" y="108" width="25" height="27" origin-x="4" origin-y="21" advance="18"/>
  <character text="d" x="0" y="43" width="25" height="33" origin-x="4" origin-y="27" advance="18"/>
  <character text="e" x="277" y="108" width="26" height="27" origin-x="4" origin-y="21" advance="18"/>
  <character text="f" x="362" y="0" width="28" height="33" origin-x="5" origin-y="28" advance="18"/>
  <character text="g" x="418" y="0" width="27" height="33" origin-x="5" origin-y="21" advance="18"/>
  <character text="h" x="402" y="43" width="25" height="32" origin-x="4" origin-y="27" advance="18"/>
  <character text="i" x="50" y="43" width="24" height="33" origin-x="3" origin-y="28" advance="18"/>
  <character text="j" x="86" y="0" width="24" height="40" origin-x="4" origin-y="28" advance="18"/>
  <character text="k" x="325" y="43" width="26" height="32" origin-x="3" origin-y="27" advance="18"/>
  <character text="l" x="451" y="43" width="24" height="32" origin-x="3" origin-y="27" advance="18"/>
  <character text="m" x="0" y="139" width="27" height="26" origin-x="5" origin-y="21" advance="18"/>
  <character text="n" x="27" y="139" width="25" height="26" origin-x="4" origin-y="21" advance="18"/>
  <character text="o" x="250" y="108" width="27" height="27" origin-x="5" origin-y="21" advance="18"/>
  <character text="p" x="471" y="0" width="26" height="33" origin-x="4" origin-y="21" advance="18"/>
  <character text="q" x="25" y="43" width="25" height="33" origin-x="4" origin-y="21" advance="18"/>
  <character text="r" x="52" y="139" width="25" height="26" origin-x="3" origin-y="21" advance="18"/>
  <character text="s" x="378" y="108" width="24" height="27" origin-x="3" origin-y="21" advance="18"/>
  <character text="t" x="351" y="43" width="26" height="32" origin-x="5" origin-y="26" advance="18"/>
  <character text="u" x="353" y="108" width="25" height="27" origin-x="4" origin-y="21" advance="18"/>
  <character text="v" x="448" y="108" width="28" height="26" origin-x="5" origin-y="21" advance="18"/>
  <character text="w" x="419" y="108" width="29" height="26" origin-x="6" origin-y="21" advance="18"/>
  <character text="x" x="476" y="108" width="28" height="26" origin-x="5" origin-y="21" advance="18"/>
  <character text="y" x="390" y="0" width="28" height="33" origin-x="5" origin-y="21" advance="18"/>
  <character text="z" x="77" y="139" width="25" height="26" origin-x="4" origin-y="21" advance="18"/>
  <character text="{" x="110" y="0" width="24" height="40" origin-x="4" origin-y="28" advance="18"/>
  <character text="|" x="0" y="0" width="15" height="43" origin-x="-1" origin-y="31" advance="18"/>
  <character text="}" x="134" y="0" width="24" height="40" origin-x="3" origin-y="28" advance="18"/>
  <character text="~" x="263" y="139" width="28" height="17" origin-x="5" origin-y="17" advance="18"/>
</font>