﻿<hud name="test hud" width="800" height="600">
	<element name="BG"			pos_x="0.0" pos_y="0.0" scale_x="2.0" scale_y="2.0" rotation="0.0" depth="1.0" sr_x="0"	  sr_y="0"	 sr_w="800" sr_h="600" textureName ="BG"/>
	<element name="NextBox"			pos_x="-0.4" pos_y="0.6" scale_x="0.1" scale_y="0.16" rotation="0.0" depth="0.02" sr_x="0"	  sr_y="0"	 sr_w="800" sr_h="600" textureName ="Box"/>
	<element name="NextBagBox"		pos_x="0.4" pos_y="0.0" scale_x="0.1" scale_y="0.775" rotation="0.0" depth="0.02" sr_x="0"	  sr_y="0"	 sr_w="800" sr_h="600" textureName ="Box"/>
	<element name="NextPiece"		pos_x="-0.4" pos_y="0.6" scale_x="0.14" scale_y="0.249" rotation="0.0" depth="0.02" sr_x="0"	  sr_y="0"	 sr_w="800" sr_h="600" textureName =""/>
	<element name="NextPiece_0"		pos_x="0.4" pos_y="0.6" scale_x="0.14" scale_y="0.249" rotation="0.0" depth="0.02" sr_x="0"	  sr_y="0"	 sr_w="800" sr_h="600" textureName =""/>
	<element name="NextPiece_1"		pos_x="0.4" pos_y="0.4" scale_x="0.14" scale_y="0.249" rotation="0.0" depth="0.02" sr_x="0"	  sr_y="0"	 sr_w="800" sr_h="600" textureName =""/>
	<element name="NextPiece_2"		pos_x="0.4" pos_y="0.2" scale_x="0.14" scale_y="0.249" rotation="0.0" depth="0.02" sr_x="0"	  sr_y="0"	 sr_w="800" sr_h="600" textureName =""/>
	<element name="NextPiece_3"		pos_x="0.4" pos_y="0.0" scale_x="0.14" scale_y="0.249" rotation="0.0" depth="0.02" sr_x="0"	  sr_y="0"	 sr_w="800" sr_h="600" textureName =""/>
	<element name="NextPiece_4"		pos_x="0.4" pos_y="-0.2" scale_x="0.14" scale_y="0.249" rotation="0.0" depth="0.02" sr_x="0"	  sr_y="0"	 sr_w="800" sr_h="600" textureName =""/>
	<element name="NextPiece_5"		pos_x="0.4" pos_y="-0.4" scale_x="0.14" scale_y="0.249" rotation="0.0" depth="0.02" sr_x="0"	  sr_y="0"	 sr_w="800" sr_h="600" textureName =""/>
	<element name="NextPiece_6"		pos_x="0.4" pos_y="-0.6" scale_x="0.14" scale_y="0.249" rotation="0.0" depth="0.02" sr_x="0"	  sr_y="0"	 sr_w="800" sr_h="600" textureName =""/>
</hud>